standar,complexity,modality,TIPO DE TRANSPORTE,article,section,paragraph,criteria,cumply,NO CUMPLE,applys,OBSERVACIONES DEL CUMPLIMIENTO,,ACCIÓN PARA EL CUMPLIMIENTO,RESPONSABLE,FECHA LIMITE PARA IMPLEMENTAR,SEGUIMIENTO 1,,ESTADO DE LA ACCIÓN 1,,SEGUIMIENTO 2,,ESTADO DE LA ACCIÓN 2,,SEGUIMIENTO 3,,ESTADO DE LA ACCIÓN 3,,SEGUIMIENTO 4,,ESTADO DE LA ACCIÓN 4,,SEGUIMIENTO 5,,ESTADO DE LA ACCIÓN 5,,SEGUIMIENTO 6,,ESTADO DE LA ACCIÓN 6
TALENTO HUMANO,BAJA,Modalidades extramural y telemedicina - prestador remisor,Ambulancias terrestres,11.6.2,1,,Cumple con los criterios que le sean aplicables de todos los servicios y adicionalmente cuenta con:,,,,,,,,,,,,,,,,,,,,,,,,,,,,,,,
TALENTO HUMANO,BAJA,Modalidades extramural y telemedicina - prestador remisor,Ambulancias terrestres,11.6.2,1,1.1,"• Tecnólogo en atención prehospitalaria o técnico profesional en atención prehospitalaria o auxiliar en enfermería, en cualquier caso, cuenta con constancia de asistencia en las acciones de formación continua en soporte vital básico.",,,,,,,,,,,,,,,,,,,,,,,,,,,,,,,
TALENTO HUMANO,BAJA,Modalidades extramural y telemedicina - prestador remisor,Ambulancias terrestres,11.6.2,1,1.2,"• Conductor que cuenta con licencia para la conducción del respectivo vehículo, expedida por la autoridad competente y adicionalmente cuenta con constancia de asistencia en las acciones de formación continua en primeros auxilios o de primer respondiente.",,,,,,,,,,,,,,,,,,,,,,,,,,,,,,,
TALENTO HUMANO,BAJA,Modalidades extramural y telemedicina - prestador remisor,Ambulancias fluviales y marítimas,11.6.2,2,,Cumple con los criterios que le sean aplicables de todos los servicios y adicionalmente cuenta con:,,,,,,,,,,,,,,,,,,,,,,,,,,,,,,,
TALENTO HUMANO,BAJA,Modalidades extramural y telemedicina - prestador remisor,Ambulancias fluviales y marítimas,11.6.2,2,2.1,"• Tecnólogo en atención prehospitalaria o técnico profesional en atención prehospitalaria o auxiliar en enfermería, en cualquier caso, cuenta con constancia de asistencia en las acciones de formación continua en soporte vital básico.",,,,,,,,,,,,,,,,,,,,,,,,,,,,,,,
TALENTO HUMANO,BAJA,Modalidades extramural y telemedicina - prestador remisor,Ambulancias fluviales y marítimas,11.6.2,2,2.2,• Para embarcaciones menores (cuya capacidad de transporte no excede las 25 toneladas) cuenta con:,,,,,,,,,,,,,,,,,,,,,,,,,,,,,,,
TALENTO HUMANO,BAJA,Modalidades extramural y telemedicina - prestador remisor,Ambulancias fluviales y marítimas,11.6.2,2,2.2.1,"• Motorista y tripulante (que puede ser ayudante fluvial), que cuentan con permiso expedido por la autoridad competente y adicionalmente cuentan con constancia de asistencia en las acciones de formación continua en primeros auxilios o de primer respondiente.",,,,,,,,,,,,,,,,,,,,,,,,,,,,,,,
TALENTO HUMANO,BAJA,Modalidades extramural y telemedicina - prestador remisor,Ambulancias fluviales y marítimas,11.6.2,2,2.2.2,"• Para embarcaciones mayores (cuya capacidad de transporte excede las 25 toneladas) la tripulación mínima será la que determina el Ministerio de Transporte para las 6 categorías que conforman este grupo de embarcaciones, cuenta con licencia expedidos por la autoridad competente y adicionalmente cuentan con constancia de asistencia en las acciones de formación continua en primeros auxilios o de primer respondiente",,,,,,,,,,,,,,,,,,,,,,,,,,,,,,,
TALENTO HUMANO,MEDIANA,Modalidades extramural y telemedicina - prestador remisor,"Ambulancias terrestres, fluviales y marítimas",11.6.2,3,,Cumple con los criterios que le sean aplicables de todos los servicios y adicionalmente cuenta con:,,,,,,,,,,,,,,,,,,,,,,,,,,,,,,,
TALENTO HUMANO,MEDIANA,Modalidades extramural y telemedicina - prestador remisor,"Ambulancias terrestres, fluviales y marítimas",11.6.2,,3.1,"• Coordinador responsable de la totalidad de las ambulancias con las que cuente el servicio, que puede ser profesional de la medicina o profesional de la enfermería.",,,,,,,,,,,,,,,,,,,,,,,,,,,,,,,
TALENTO HUMANO,MEDIANA,Modalidades extramural y telemedicina - prestador remisor,"Ambulancias terrestres, fluviales y marítimas",11.6.2,4,,La ambulancia cuenta con la siguiente tripulación:,,,,,,,,,,,,,,,,,,,,,,,,,,,,,,,
TALENTO HUMANO,MEDIANA,Modalidades extramural y telemedicina - prestador remisor,"Ambulancias terrestres, fluviales y marítimas",11.6.2,4,4.1,• Profesional de la medicina.,,,,,,,,,,,,,,,,,,,,,,,,,,,,,,,
TALENTO HUMANO,MEDIANA,Modalidades extramural y telemedicina - prestador remisor,"Ambulancias terrestres, fluviales y marítimas",11.6.2,4,4.2,• Profesional de la enfermería o tecnólogo en atención prehospitalaria o técnico profesional en atención prehospitalaria o auxiliar de enfermería.,,,,,,,,,,,,,,,,,,,,,,,,,,,,,,,
TALENTO HUMANO,MEDIANA,Modalidades extramural y telemedicina - prestador remisor,"Ambulancias terrestres, fluviales y marítimas",11.6.2,4,4.3,• Conductor que cuenta con licencia para la conducción del respectivo vehículo expedida por la autoridad competente y adicionalmente cuenta con constancia de asistencia en las acciones de formación continua en primeros auxilios o de primer respondiente.,,,,,,,,,,,,,,,,,,,,,,,,,,,,,,,
TALENTO HUMANO,MEDIANA,Modalidades extramural y telemedicina - prestador remisor,"Ambulancias terrestres, fluviales y marítimas",11.6.2,4,4.4,• El personal profesional de la salud cuenta con constancia de asistencia en las acciones de formación continua en soporte vital avanzado.,,,,,,,,,,,,,,,,,,,,,,,,,,,,,,,
TALENTO HUMANO,MEDIANA,Modalidades extramural y telemedicina - prestador remisor,"Ambulancias terrestres, fluviales y marítimas",11.6.2,4,4.5,• El personal técnico o auxiliar cuenta con constancia de asistencia en las acciones de formación continua en soporte vital básico.,,,,,,,,,,,,,,,,,,,,,,,,,,,,,,,
TALENTO HUMANO,MEDIANA,Modalidades extramural y telemedicina - prestador remisor,Ambulancias fluviales y marítimas,11.6.2,5,,"Para embarcaciones menores (cuya capacidad de transporte no excede las 25 toneladas), motorista y otro tripulante (que puede ser ayudante fluvial), con permisos expedidos por la autoridad competente y adicionalmente cuentan con constancia de asistencia en las acciones de formación continua en primeros auxilios o de primer respondiente.",,,,,,,,,,,,,,,,,,,,,,,,,,,,,,,
TALENTO HUMANO,MEDIANA,Modalidades extramural y telemedicina - prestador remisor,Ambulancias fluviales y marítimas,11.6.2,6,,"Para embarcaciones mayores (cuya capacidad de transporte excede las 25 toneladas), la tripulación mínima será la que determina el Ministerio de Transporte para las 6 categorías que conforman este grupo de embarcaciones, con licencias y permisos expedidos por la autoridad competente y adicionalmente cuentan con constancia de asistencia en las acciones de formación continua en primeros auxilios o de primer respondiente.",,,,,,,,,,,,,,,,,,,,,,,,,,,,,,,
TALENTO HUMANO,MEDIANA,Modalidades extramural y telemedicina - prestador remisor,Ambulancias aéreas,11.6.2,7,,Cumple con los criterios que le sean aplicables de todos los servicios y adicionalmente cuenta con:,,,,,,,,,,,,,,,,,,,,,,,,,,,,,,,
TALENTO HUMANO,MEDIANA,Modalidades extramural y telemedicina - prestador remisor,Ambulancias aéreas,11.6.2,7,7.1,• Profesional de la medicina.,,,,,,,,,,,,,,,,,,,,,,,,,,,,,,,
TALENTO HUMANO,MEDIANA,Modalidades extramural y telemedicina - prestador remisor,Ambulancias aéreas,11.6.2,7,7.2,• Profesional de la enfermería o tecnólogo (a) en atención prehospitalaria o técnico (a) profesional en atención prehospitalaria.,,,,,,,,,,,,,,,,,,,,,,,,,,,,,,,
TALENTO HUMANO,MEDIANA,Modalidades extramural y telemedicina - prestador remisor,Ambulancias aéreas,11.6.2,7,7.3,• Tripulación de vuelo que cuenta con licencia y certificado médico expedido por la unidad administrativa especial de aeronáutica civil – UAEAC.,,,,,,,,,,,,,,,,,,,,,,,,,,,,,,,
TALENTO HUMANO,MEDIANA,Modalidades extramural y telemedicina - prestador remisor,Ambulancias aéreas,11.6.2,7,7.4,• El personal profesional de la salud cuenta con constancia de asistencia en las acciones de formación continua en soporte vital avanzado.,,,,,,,,,,,,,,,,,,,,,,,,,,,,,,,
TALENTO HUMANO,MEDIANA,Modalidades extramural y telemedicina - prestador remisor,Ambulancias aéreas,11.6.2,7,7.5,• El personal técnico o auxiliar cuenta con constancia de asistencia en las acciones de formación continua en soporte vital básico.,,,,,,,,,,,,,,,,,,,,,,,,,,,,,,,
TALENTO HUMANO,MEDIANA,Modalidades extramural y telemedicina - prestador remisor,Ambulancias aéreas,11.6.2,7,7.6,• La tripulación de vuelo y el personal de salud cuentan con certificado vigente de entrenamiento específico para el servicio de ambulancias aéreas otorgado por un centro de instrucción aeronáutico autorizado por la unidad administrativa especial de aeronáutica civil – UAEAC,,,,,,,,,,,,,,,,,,,,,,,,,,,,,,,
TALENTO HUMANO,BAJA Y MEDIANA,Modalidad de telemedicina - prestador de referencia,,11.6.2,8,,Cumple con los criterios que le sean aplicables de todos los servicios,,,,,,,,,,,,,,,,,,,,,,,,,,,,,,,
TALENTO HUMANO,BAJA Y MEDIANA,Modalidad de telemedicina - prestador de referencia,,11.6.2,9,,"El profesional de la salud puede hacer uso de la categoría telexperticia sincrónica entre profesionales de la salud, de acuerdo con lo definido por el prestador de servicios de salud en el estándar de procesos prioritarios",,,,,,,,,,,,,,,,,,,,,,,,,,,,,,,
TALENTO HUMANO,BAJA Y MEDIANA,Modalidad de telemedicina - prestador de referencia,,11.6.2,10,,El personal de salud no profesional puede hacer uso de la categoría telexperticia sincrónica con profesionales de la salud de acuerdo con lo definido por el prestador de servicios de salud en el estándar de procesos prioritarios,,,,,,,,,,,,,,,,,,,,,,,,,,,,,,,
INFRAESTRUCTURA,BAJA,Modalidades extramural y telemedicina - prestador remisor,,11.6.2,11,,"Las ambulancias terrestres, fluviales, y marítimas, además de los requisitos exigidos por el sector salud, deben cumplir con los que para este tipo de servicios determinen las autoridades de tránsito terrestre, fluvial y marítimo.",,,,,,,,,,,,,,,,,,,,,,,,,,,,,,,
INFRAESTRUCTURA,BAJA,Modalidades extramural y telemedicina - prestador remisor,"Ambulancias terrestres, fluviales y marítimas",11.6.2,12,,Cumple con los criterios que le sean aplicables de todos los servicios y adicionalmente cuenta con:,,,,,,,,,,,,,,,,,,,,,,,,,,,,,,,
INFRAESTRUCTURA,BAJA,Modalidades extramural y telemedicina - prestador remisor,"Ambulancias terrestres, fluviales y marítimas",11.6.2,12,12.1,• Sede donde se manejen los procesos administrativos que cuenta con:,,,,,,,,,,,,,,,,,,,,,,,,,,,,,,,
INFRAESTRUCTURA,BAJA,Modalidades extramural y telemedicina - prestador remisor,"Ambulancias terrestres, fluviales y marítimas",11.6.2,12,12.1.1,• Ambiente para el manejo de medicamentos y dispositivos médicos e insumos.,,,,,,,,,,,,,,,,,,,,,,,,,,,,,,,
INFRAESTRUCTURA,BAJA,Modalidades extramural y telemedicina - prestador remisor,"Ambulancias terrestres, fluviales y marítimas",11.6.2,12,12.1.2,• Área o ambiente para el almacenamiento de equipos biomédicos.,,,,,,,,,,,,,,,,,,,,,,,,,,,,,,,
INFRAESTRUCTURA,BAJA,Modalidades extramural y telemedicina - prestador remisor,"Ambulancias terrestres, fluviales y marítimas",11.6.2,12,12.1.3,"• Área o ambiente para realizar procesos de limpieza y desinfección, que cuenta con mesón de trabajo con poceta",,,,,,,,,,,,,,,,,,,,,,,,,,,,,,,
INFRAESTRUCTURA,BAJA,Modalidades extramural y telemedicina - prestador remisor,"Ambulancias terrestres, fluviales y marítimas",11.6.2,12,12.1.4,• Sistema eléctrico que permita la conexión de los equipos biomédicos.,,,,,,,,,,,,,,,,,,,,,,,,,,,,,,,
INFRAESTRUCTURA,BAJA,Modalidades extramural y telemedicina - prestador remisor,"Ambulancias terrestres, fluviales y marítimas",11.6.2,12,12.1.5,• Ambiente para el archivo de las historias clínicos y registros.,,,,,,,,,,,,,,,,,,,,,,,,,,,,,,,
INFRAESTRUCTURA,BAJA,Modalidades extramural y telemedicina - prestador remisor,"Ambulancias terrestres, fluviales y marítimas",11.6.2,12,12.2,"• Disponibilidad de área o ambiente para realizar el proceso de aseo, limpieza y desinfección de los vehículos. Cuando el prestador de servicios de salud contrate el proceso de aseo, limpieza y desinfección de los vehículos con un tercero, cuenta con un contrato, o convenio o acuerdo escrito entre las partes. Para este caso el tercero cuenta con los permisos correspondientes expedidos por la autoridad sanitaria y ambiental para tal fin.",,,,,,,,,,,,,,,,,,,,,,,,,,,,,,,
INFRAESTRUCTURA,BAJA,Modalidades extramural y telemedicina - prestador remisor,Ambulancias terrestres,11.6.2,13,,La carrocería del vehículo cuenta con:,,,,,,,,,,,,,,,,,,,,,,,,,,,,,,,
INFRAESTRUCTURA,BAJA,Modalidades extramural y telemedicina - prestador remisor,Ambulancias terrestres,11.6.2,13,13.1,"• Dos compartimentos, uno para el conductor y otro para el paciente con comunicación visual y auditiva entre sí.",,,,,,,,,,,,,,,,,,,,,,,,,,,,,,,
INFRAESTRUCTURA,BAJA,Modalidades extramural y telemedicina - prestador remisor,Ambulancias terrestres,11.6.2,13,13.2,"• Acceso principal al compartimiento del paciente por la parte posterior que cuenta con una apertura útil de mínimo 1.10 metros altura y de 0.90 metros de ancho, con mecanismo que permite el bloqueo en posición de “abierta”, con un peldaño adherido a la carrocería con acabado antideslizante para facilitar el acceso al compartimiento del paciente. Sobre estas medidas se autorizan variaciones máximas del 10 %.",,,,,,,,,,,,,,,,,,,,,,,,,,,,,,,
INFRAESTRUCTURA,BAJA,Modalidades extramural y telemedicina - prestador remisor,Ambulancias terrestres,11.6.2,13,13.3,"• En el compartimiento del paciente, el vehículo cuenta con ventanas con vidrio de seguridad, visibilidad únicamente de adentro hacia fuera y dispositivo de martillo o de otro tipo, para fracturarlas, en caso de necesidad.",,,,,,,,,,,,,,,,,,,,,,,,,,,,,,,
INFRAESTRUCTURA,BAJA,Modalidades extramural y telemedicina - prestador remisor,Ambulancias terrestres,11.6.2,13,13.4,"• Las dimensiones interiores del compartimiento del paciente para ambulancias 4x4, 4x2 y tipo van son mínimo de 2.20m de longitud, 1.50m de ancho y 1.35 de alto.",,,,,,,,,,,,,,,,,,,,,,,,,,,,,,,
INFRAESTRUCTURA,BAJA,Modalidades extramural y telemedicina - prestador remisor,Ambulancias terrestres,11.6.2,13,13.5,"• En todos los lados exteriores de la carrocería incluida el techo está la leyenda “ambulancia”, fabricada en material reflectivo. En el aviso de la parte anterior externa de la carrocería, la palabra “ambulancia”, tiene un largo mínimo del 90% del frente del vehículo y está escrita en sentido inverso.",,,,,,,,,,,,,,,,,,,,,,,,,,,,,,,
INFRAESTRUCTURA,BAJA,Modalidades extramural y telemedicina - prestador remisor,Ambulancias terrestres,11.6.2,13,13.6,"• En los costados y en la parte posterior de la ambulancia, lleva el nombre o logotipo del prestador de servicios de salud a la cual pertenece, también lleva la sigla TAB o TAM y el nombre del municipio sede del prestador de servicios de salud.",,,,,,,,,,,,,,,,,,,,,,,,,,,,,,,
INFRAESTRUCTURA,BAJA,Modalidades extramural y telemedicina - prestador remisor,Ambulancias terrestres,11.6.2,13,13.7,"• En los costados, puertas posteriores y en el techo de la ambulancia, deberá tener “estrella de la vida”, de color azul o verde reflectivo, o el emblema protector de la misión médica de conformidad con lo dispuesto en la Resolución 4481 de 2012 o las normas que la modifiquen, adicionen o sustituyan del Ministerio de Salud y la Protección Social.",,,,,,,,,,,,,,,,,,,,,,,,,,,,,,,
INFRAESTRUCTURA,BAJA,Modalidades extramural y telemedicina - prestador remisor,Ambulancias terrestres,11.6.2,13,13.8,"• Los vehículos de transporte asistencial en baja o mediana complejidad que estén al servicio de la sociedad nacional de la cruz roja colombiana, comité internacional de la cruz roja y la federación internacional de sociedades de la cruz roja estarán exentos de cumplir el anterior requisito y su emblema será la cruz roja sobre fondo blanco. De igual manera, los medios de transporte sanitario que pertenecen a las fuerzas militares y de policía, conservarán sus colores correspondientes y se identificarán con el emblema de la cruz roja, pintado sobre un recuadro blanco.",,,,,,,,,,,,,,,,,,,,,,,,,,,,,,,
INFRAESTRUCTURA,BAJA,Modalidades extramural y telemedicina - prestador remisor,Ambulancias terrestres,11.6.2,14,,El vehículo cuenta con:,,,,,,,,,,,,,,,,,,,,,,,,,,,,,,,
INFRAESTRUCTURA,BAJA,Modalidades extramural y telemedicina - prestador remisor,Ambulancias terrestres,11.6.2,14,14.1,"• Dispositivo de señalización óptica (barra de luces) en la parte delantera y por encima del vidrio parabrisas que puede ser de tipo rotatorio, intermitente o estroboscópico, visible como mínimo a 180º y de fácil observación con la luz del día.",,,,,,,,,,,,,,,,,,,,,,,,,,,,,,,
INFRAESTRUCTURA,BAJA,Modalidades extramural y telemedicina - prestador remisor,Ambulancias terrestres,11.6.2,14,14.2,"• Dispositivo de señalización óptica, que puede ser de tipo rotatorio, intermitente o estroboscópico, visible como mínimo a 180º y de fácil observación a la luz del día, que se encuentra ubicado en la parte posterior de la carrocería del vehículo.",,,,,,,,,,,,,,,,,,,,,,,,,,,,,,,
INFRAESTRUCTURA,BAJA,Modalidades extramural y telemedicina - prestador remisor,Ambulancias terrestres,11.6.2,14,14.3,"• Dos luces de delimitación: laterales, blancas fijas, distribuidas simétricamente en cada costado del vehículo.",,,,,,,,,,,,,,,,,,,,,,,,,,,,,,,
INFRAESTRUCTURA,BAJA,Modalidades extramural y telemedicina - prestador remisor,Ambulancias terrestres,11.6.2,14,14.4,"• Dos luces de delimitación: laterales rojas intermitentes, distribuidas simétricamente en cada costado del vehículo",,,,,,,,,,,,,,,,,,,,,,,,,,,,,,,
INFRAESTRUCTURA,BAJA,Modalidades extramural y telemedicina - prestador remisor,Ambulancias terrestres,11.6.2,15,,Interior del vehículo Cuenta con:,,,,,,,,,,,,,,,,,,,,,,,,,,,,,,,
INFRAESTRUCTURA,BAJA,Modalidades extramural y telemedicina - prestador remisor,Ambulancias terrestres,11.6.2,15,15.1,"• Revestimientos interiores del compartimiento del paciente sin elementos afilados o cortantes, de material lavable, con acabados no rugosos y resistentes al deterioro por agentes desinfectantes.",,,,,,,,,,,,,,,,,,,,,,,,,,,,,,,
INFRAESTRUCTURA,BAJA,Modalidades extramural y telemedicina - prestador remisor,Ambulancias terrestres,11.6.2,15,15.2,"• Piso antideslizante, su unión con las paredes es hermética y se encuentra adherido al vehículo.",,,,,,,,,,,,,,,,,,,,,,,,,,,,,,,
INFRAESTRUCTURA,BAJA,Modalidades extramural y telemedicina - prestador remisor,Ambulancias terrestres,11.6.2,15,15.3,"• Silla del acompañante y silla del personal auxiliador, de material lavable que cuenta con cinturones de seguridad y protección para la cabeza y la espalda.",,,,,,,,,,,,,,,,,,,,,,,,,,,,,,,
INFRAESTRUCTURA,BAJA,Modalidades extramural y telemedicina - prestador remisor,Ambulancias terrestres,11.6.2,15,15.4,• Cinturones de seguridad adicionales para sostener una camilla adicional.,,,,,,,,,,,,,,,,,,,,,,,,,,,,,,,
INFRAESTRUCTURA,BAJA,Modalidades extramural y telemedicina - prestador remisor,Ambulancias terrestres,11.6.2,15,15.5,"• Leyenda de “este es un espacio libre de humo de tabaco” u otro similar” y “use el cinturón de seguridad”, ubicada en el compartimiento del paciente.",,,,,,revisar aviso,dayana,,,,,,,,,,,,,,,,,,,,,,,,
INFRAESTRUCTURA,BAJA,Modalidades extramural y telemedicina - prestador remisor,Ambulancias terrestres,11.6.2,15,15.6,"• Gabinetes del compartimiento del paciente que son livianos, de material resistente, lisos, lavables, sin bordes agudos o filos cortantes y cuentan con puertas de material transparente, resistente, con anclajes seguros para evitar su apertura.",,,,,,,,,,,,,,,,,,,,,,,,,,,,,,,
INFRAESTRUCTURA,BAJA,Modalidades extramural y telemedicina - prestador remisor,Ambulancias terrestres,11.6.2,15,15.7,"• Los gabinetes llevan el nombre correspondiente y colores de identificación para guardar los elementos de acuerdo con su especialidad, así: azul: sistema respiratorio; rojo: sistema circulatorio; amarillo: pediátrico; verde: quirúrgico y accesorios.",,,,,,,,,,,,,,,,,,,,,,,,,,,,,,,
INFRAESTRUCTURA,BAJA,Modalidades extramural y telemedicina - prestador remisor,Ambulancias terrestres,11.6.2,15,15.8,• Entrepaños de los gabinetes que cuentan con borde ligeramente elevado para evitar que los medicamentos y equipos biomédicos se caigan cuando el vehículo está en movimiento.,,,,,,,,,,,,,,,,,,,,,,,,,,,,,,,
INFRAESTRUCTURA,BAJA,Modalidades extramural y telemedicina - prestador remisor,Ambulancias terrestres,11.6.2,15,15.9,• Los gases del tubo de escape no ingresan al interior de la ambulancia.,,,,,,,,,,,,,,,,,,,,,,,,,,,,,,,
INFRAESTRUCTURA,BAJA,Modalidades extramural y telemedicina - prestador remisor,Ambulancias terrestres,11.6.2,15,15.10,• Cuenta con iluminación interior para toda el área de manejo del paciente.,,,,,,,,,,,,,,,,,,,,,,,,,,,,,,,
INFRAESTRUCTURA,BAJA,Modalidades extramural y telemedicina - prestador remisor,Ambulancias terrestres,11.6.2,15,15.11,• Lámpara desmontable que permita su utilización a distancia del vehículo.,,,,,,,,,,,,,,,,,,,,,,,,,,,,,,,
INFRAESTRUCTURA,BAJA,Modalidades extramural y telemedicina - prestador remisor,Ambulancias terrestres,11.6.2,15,15.12,"• Barra pasamanos en el compartimiento del paciente, fijada al techo y resistente para sostener al personal asistencial cuando el vehículo esté en movimiento.",,,,,,,,,,,,,,,,,,,,,,,,,,,,,,,
INFRAESTRUCTURA,BAJA,Modalidades extramural y telemedicina - prestador remisor,Ambulancias terrestres,11.6.2,15,15.13,• Compartimiento aislado para los cilindros de oxígeno medicinal con manómetros visibles y regulables desde el interior del compartimiento del paciente,,,,,,,,,,,,,,,,,,,,,,,,,,,,,,,
INFRAESTRUCTURA,BAJA,Modalidades extramural y telemedicina - prestador remisor,Ambulancias terrestres,11.6.2,16,,Sistema sonoro y de comunicaciones Cuenta con:,,,,,,,,,,,,,,,,,,,,,,,,,,,,,,,
INFRAESTRUCTURA,BAJA,Modalidades extramural y telemedicina - prestador remisor,Ambulancias terrestres,11.6.2,16,16.1,• Sirena como sistema principal de alerta.,,,,,,,,,,,,,,,,,,,,,,,,,,,,,,,
INFRAESTRUCTURA,BAJA,Modalidades extramural y telemedicina - prestador remisor,Ambulancias terrestres,11.6.2,16,16.2,"• Sistema de telecomunicaciones de doble vía, asignado exclusivamente a la ambulancia, que le permita establecer contacto con su central, base o red de coordinación.",,,,,,,,,,,,,,,,,,,,,,,,,,,,,,,
INFRAESTRUCTURA,BAJA,Modalidades extramural y telemedicina - prestador remisor,Ambulancias terrestres,11.6.2,16,16.3,• Sistema de georreferenciación y comunicación que permita el monitoreo y contacto con la entidad territorial en salud a través del CRUE.,,,,,,,,,,,,,,,,,,,,,,,,,,,,,,,
INFRAESTRUCTURA,BAJA,Modalidades extramural y telemedicina - prestador remisor,Ambulancias terrestres,11.6.2,17,,Otras condiciones generales de seguridad del vehículo Cuenta con:,,,,,,,,,,,,,,,,,,,,,,,,,,,,,,,
INFRAESTRUCTURA,BAJA,Modalidades extramural y telemedicina - prestador remisor,Ambulancias terrestres,11.6.2,17,17.1,"• Extintor para fuegos ABC, con capacidad mínima de carga de 2.26 kg. Para cada uno de los compartimentos de la ambulancia (conductor y paciente).",,,,,,,,,,,,,,,,,,,,,,,,,,,,,,,
INFRAESTRUCTURA,BAJA,Modalidades extramural y telemedicina - prestador remisor,Ambulancias terrestres,11.6.2,17,17.2,• Chalecos reflectivos para la tripulación.,,,,,,,,,,,,,,,,,,,,,,,,,,,,,,,
INFRAESTRUCTURA,BAJA,Modalidades extramural y telemedicina - prestador remisor,Ambulancias marítimas y fluviales,11.6.2,18,,Condiciones generales de la embarcación Cuenta con:,,,,,,,,,,,,,,,,,,,,,,,,,,,,,,,
INFRAESTRUCTURA,BAJA,Modalidades extramural y telemedicina - prestador remisor,Ambulancias marítimas y fluviales,11.6.2,18,18.1,"• El diseño y la construcción de la embarcación cumple con la normatividad vigente a la fecha de la construcción, expedidas por las autoridades competentes.",,,,,,,,,,,,,,,,,,,,,,,,,,,,,,,
INFRAESTRUCTURA,BAJA,Modalidades extramural y telemedicina - prestador remisor,Ambulancias marítimas y fluviales,11.6.2,18,18.2,"• Compartimiento para el paciente que tiene como mínimo las siguientes dimensiones: largo útil 2.20 metros, ancho útil 2.20 metros, altura interna útil 2.0 metros. (sobre estas medidas se autorizan variaciones máximas del 15 %).",,,,,,,,,,,,,,,,,,,,,,,,,,,,,,,
INFRAESTRUCTURA,BAJA,Modalidades extramural y telemedicina - prestador remisor,Ambulancias marítimas y fluviales,11.6.2,18,18.3,• Soportes y elementos metálicos de los equipos biomédicos no representan riesgo de accidente.,,,,,,,,,,,,,,,,,,,,,,,,,,,,,,,
INFRAESTRUCTURA,BAJA,Modalidades extramural y telemedicina - prestador remisor,Ambulancias marítimas y fluviales,11.6.2,18,18.4,"• Banco para soportar una camilla principal, construida en material resistente y fijado en la cubierta del vehículo.",,,,,,,,,,,,,,,,,,,,,,,,,,,,,,,
INFRAESTRUCTURA,BAJA,Modalidades extramural y telemedicina - prestador remisor,Ambulancias marítimas y fluviales,11.6.2,18,18.5,"• El piso no debe poseer elementos afilados o cortantes y está fabricado en material lavable, que evite la acumulación del mugre y contaminantes, resistente a los agentes desinfectantes habituales, antideslizante, con las uniones del piso con las paredes herméticamente selladas.",,,,,,,,,,,,,,,,,,,,,,,,,,,,,,,
INFRAESTRUCTURA,BAJA,Modalidades extramural y telemedicina - prestador remisor,Ambulancias marítimas y fluviales,11.6.2,18,18.6,• La embarcación está fabricada en materiales resistentes al medio acuático.,,,,,,,,,,,,,,,,,,,,,,,,,,,,,,,
INFRAESTRUCTURA,BAJA,Modalidades extramural y telemedicina - prestador remisor,Ambulancias marítimas y fluviales,11.6.2,18,18.7,"• La cubierta inferior del compartimiento del paciente está fabricada en material antideslizante, sin elementos afilados o cortantes, de material lavable, con acabados redondeados, superficies pulidas y resistentes a agentes desinfectantes.",,,,,,,,,,,,,,,,,,,,,,,,,,,,,,,
INFRAESTRUCTURA,BAJA,Modalidades extramural y telemedicina - prestador remisor,Ambulancias marítimas y fluviales,11.6.2,18,18.8,"• La disposición de los soportes y elementos metálicos para equipos de asistencia, deben quedar de tal forma que no produzcan daño a los ocupantes del vehículo.",,,,,,,,,,,,,,,,,,,,,,,,,,,,,,,
INFRAESTRUCTURA,BAJA,Modalidades extramural y telemedicina - prestador remisor,Ambulancias marítimas y fluviales,11.6.2,18,18.9,"• Techo-cubierta de material rígido o plegable, liviano, para proteger y cubrir los compartimientos del paciente, piloto y acompañantes.",,,,,,,,,,,,,,,,,,,,,,,,,,,,,,,
INFRAESTRUCTURA,BAJA,Modalidades extramural y telemedicina - prestador remisor,Ambulancias marítimas y fluviales,11.6.2,18,18.10,"• El techo-cubierta debe servir en su parte exterior de soporte a los dispositivos de alerta, luces y exploradoras y en su parte interior para la fijación de los rieles para ubicación de líquidos parenterales y equipos biomédicos.",,,,,,,,,,,,,,,,,,,,,,,,,,,,,,,
INFRAESTRUCTURA,BAJA,Modalidades extramural y telemedicina - prestador remisor,Ambulancias marítimas y fluviales,11.6.2,19,,Otras condiciones generales de seguridad del vehículo Cuenta con:,,,,,,,,,,,,,,,,,,,,,,,,,,,,,,,
INFRAESTRUCTURA,BAJA,Modalidades extramural y telemedicina - prestador remisor,Ambulancias marítimas y fluviales,11.6.2,19,19.1,"• Extintor para fuegos ABC, con capacidad mínima de carga de 2.26 kilogramos para la ambulancia.",,,,,,,,,,,,,,,,,,,,,,,,,,,,,,,
INFRAESTRUCTURA,BAJA,Modalidades extramural y telemedicina - prestador remisor,Ambulancias marítimas y fluviales,11.6.2,19,19.2,• Chalecos salvavidas para cada uno de los ocupantes.,,,,,,,,,,,,,,,,,,,,,,,,,,,,,,,
INFRAESTRUCTURA,BAJA,Modalidades extramural y telemedicina - prestador remisor,Ambulancias marítimas y fluviales,11.6.2,20,,Área del paciente Cuenta con:,,,,,,,,,,,,,,,,,,,,,,,,,,,,,,,
INFRAESTRUCTURA,BAJA,Modalidades extramural y telemedicina - prestador remisor,Ambulancias marítimas y fluviales,11.6.2,20,20.1,• Asientos tanto para los acompañantes como para el motorista auxiliar con su respectivo espaldar.,,,,,,,,,,,,,,,,,,,,,,,,,,,,,,,
INFRAESTRUCTURA,BAJA,Modalidades extramural y telemedicina - prestador remisor,Ambulancias marítimas y fluviales,11.6.2,20,20.2,• Leyenda de “este es un espacio libre de humo de tabaco” u otro similar” y “use chaleco salvavidas”.,,,,,,,,,,,,,,,,,,,,,,,,,,,,,,,
INFRAESTRUCTURA,BAJA,Modalidades extramural y telemedicina - prestador remisor,Ambulancias marítimas y fluviales,11.6.2,20,20.3,"• Compartimientos livianos, de material resistente, lisos, lavables, sin bordes agudos o filos cortantes, con puertas resistentes, abatibles o deslizantes, con anclajes seguros para evitar su apertura.",,,,,,,,,,,,,,,,,,,,,,,,,,,,,,,
INFRAESTRUCTURA,BAJA,Modalidades extramural y telemedicina - prestador remisor,Ambulancias marítimas y fluviales,11.6.2,20,20.4,"• Los gabinetes llevan el nombre correspondiente y colores de identificación para guardar los elementos, de acuerdo con su especialidad, así: azul: sistema respiratorio; rojo: sistema circulatorio; amarillo: pediátrico; verde: quirúrgico y accesorios.",,,,,,,,,,,,,,,,,,,,,,,,,,,,,,,
INFRAESTRUCTURA,BAJA,Modalidades extramural y telemedicina - prestador remisor,Ambulancias marítimas y fluviales,11.6.2,20,20.5,• El paciente está ubicado de tal manera que los gases de los motores no le afecten,,,,,,,,,,,,,,,,,,,,,,,,,,,,,,,
INFRAESTRUCTURA,BAJA,Modalidades extramural y telemedicina - prestador remisor,Ambulancias marítimas y fluviales,11.6.2,21,,Luces y otros elementos del vehículo Cuenta con:,,,,,,,,,,,,,,,,,,,,,,,,,,,,,,,
INFRAESTRUCTURA,BAJA,Modalidades extramural y telemedicina - prestador remisor,Ambulancias marítimas y fluviales,11.6.2,21,21.1,• Iluminación interior para toda el área de manejo del paciente.,,,,,,,,,,,,,,,,,,,,,,,,,,,,,,,
INFRAESTRUCTURA,BAJA,Modalidades extramural y telemedicina - prestador remisor,Ambulancias marítimas y fluviales,11.6.2,21,21.2,• Brújula y luces de navegación.,,,,,,,,,,,,,,,,,,,,,,,,,,,,,,,
INFRAESTRUCTURA,BAJA,Modalidades extramural y telemedicina - prestador remisor,Ambulancias marítimas y fluviales,11.6.2,21,21.3,"• Dispositivo de señalización óptica (barra de luces) que puede ser de tipo rotatorio, intermitente o estroboscópico, de fácil observación con la luz del día, ubicado sobre el techo-cubierta.",,,,,,,,,,,,,,,,,,,,,,,,,,,,,,,
INFRAESTRUCTURA,BAJA,Modalidades extramural y telemedicina - prestador remisor,Ambulancias marítimas y fluviales,11.6.2,21,21.4,• Compartimiento aislado para los cilindros de oxígeno medicinal con manómetros visibles y regulables desde el interior del compartimiento del paciente,,,,,,,,,,,,,,,,,,,,,,,,,,,,,,,
INFRAESTRUCTURA,BAJA,Modalidades extramural y telemedicina - prestador remisor,Ambulancias marítimas y fluviales,11.6.2,22,,Sistema de comunicaciones Cumple con los criterios definidos en materia de comunicaciones para ambulancia terrestre y adicionalmente cuenta con:,,,,,,,,,,,,,,,,,,,,,,,,,,,,,,,
INFRAESTRUCTURA,BAJA,Modalidades extramural y telemedicina - prestador remisor,Ambulancias marítimas y fluviales,11.6.2,22,22.1,• Sistema de perifoneo externo como mecanismo de alerta o de información.,,,,,,,,,,,,,,,,,,,,,,,,,,,,,,,
INFRAESTRUCTURA,BAJA,Modalidades extramural y telemedicina - prestador remisor,Ambulancias marítimas y fluviales,11.6.2,22,22.2,"• Sistema de georreferenciación y comunicación que permita el monitoreo y contacto con la secretaría de salud departamental o distrital, o la entidad que tenga a cargo dichas competencias. a través del CRUE",,,,,,,,,,,,,,,,,,,,,,,,,,,,,,,
INFRAESTRUCTURA,MEDIANA,Modalidades extramural y telemedicina - prestador remisor,,11.6.2,23,,"Las ambulancias terrestres, fluviales, marítimas y aéreas, además de los requisitos exigidos por el sector salud, deben cumplir con los que para este tipo de servicios determinen las autoridades de tránsito terrestre, fluvial, marítimo y aéreo",,,,,,,,,,,,,,,,,,,,,,,,,,,,,,,
INFRAESTRUCTURA,MEDIANA,Modalidades extramural y telemedicina - prestador remisor,Ambulancias terrestres,11.6.2,24,,"Carrocería del vehículo:
Adicional a lo definido para la complejidad baja, la carrocería del vehículo cuenta con:",,,,,,,,,,,,,,,,,,,,,,,,,,,,,,,
INFRAESTRUCTURA,MEDIANA,Modalidades extramural y telemedicina - prestador remisor,Ambulancias terrestres,11.6.2,24,24.1,• Sistema eléctrico que cuenta con las siguientes especificaciones:,,,,,,,,,,,,,,,,,,,,,,,,,,,,,,,
INFRAESTRUCTURA,MEDIANA,Modalidades extramural y telemedicina - prestador remisor,Ambulancias terrestres,11.6.2,24,24.1.1,"• Sistema generador de energía eléctrica a partir del motor, tipo alternador, con potencia suficiente o varios de ellos, para lograr que todos los equipos biomédicos funcionen de manera simultánea.",,,,,,,,,,,,,,,,,,,,,,,,,,,,,,,
INFRAESTRUCTURA,MEDIANA,Modalidades extramural y telemedicina - prestador remisor,Ambulancias terrestres,11.6.2,24,24.1.2,• Mínimo dos baterías con una capacidad mínima total de 150 amperios.,,,,,,,,,,,,,,,,,,,,,,,,,,,,,,,
INFRAESTRUCTURA,MEDIANA,Modalidades extramural y telemedicina - prestador remisor,Ambulancias terrestres,11.6.2,24,24.1.3,• Mínimo dos tomacorrientes tipo “encendedor de cigarrillo” identificados en el compartimiento del paciente.,,,,,,,,,,,,,,,,,,,,,,,,,,,,,,,
INFRAESTRUCTURA,MEDIANA,Modalidades extramural y telemedicina - prestador remisor,Ambulancias terrestres,11.6.2,24,24.1.4,"• Convertidor de 12 voltios corriente continua a 120 voltios +/-15% de corriente alterna, con mínimo dos tomacorrientes identificados en el compartimiento del paciente.",,,,,,,,,,,,,,,,,,,,,,,,,,,,,,,
INFRAESTRUCTURA,MEDIANA,Modalidades extramural y telemedicina - prestador remisor,Ambulancias terrestres,11.6.2,24,24.1.5,• Un tomacorriente en el exterior de la carrocería debidamente protegido.,,,,,,,,,,,,,,,,,,,,,,,,,,,,,,,
INFRAESTRUCTURA,MEDIANA,Modalidades extramural y telemedicina - prestador remisor,Ambulancias terrestres,11.6.2,24,24.1.6,"• Cable conductor con polo a tierra y recubierto con caucho de mínimo 30 metros de longitud, con los extremos adaptados para alimentación eléctrica.",,,,,,,,,,,,,,,,,,,,,,,,,,,,,,,
INFRAESTRUCTURA,MEDIANA,Modalidades extramural y telemedicina - prestador remisor,Ambulancias terrestres,11.6.2,24,24.1.7,"• En los costados y en la parte posterior de la ambulancia, debe llevar el nombre o logotipo de la entidad a la cual pertenece, la sigla TAM y el nombre del municipio sede del prestador de servicios de salud.",,,,,,,,,,,,,,,,,,,,,,,,,,,,,,,
INFRAESTRUCTURA,MEDIANA,Modalidades extramural y telemedicina - prestador remisor,Ambulancias aéreas,11.6.2,25,,"Adicional a lo definido para la complejidad baja, la sede donde se manejen todos los procesos administrativos para el servicio cuenta con certificado de operaciones como empresa de trabajos aéreos especiales en la modalidad de ambulancia aérea expedido por la Unidad Administrativa Especial de la Aeronáutica Civil – UAEAC.",,,,,,,,,,,,,,,,,,,,,,,,,,,,,,,
INFRAESTRUCTURA,MEDIANA,Modalidades extramural y telemedicina - prestador remisor,Ambulancias aéreas,11.6.2,26,,La aeronave cuenta con los siguientes documentos vigentes emitidos por la UAEAC:,,,,,,,,,,,,,,,,,,,,,,,,,,,,,,,
INFRAESTRUCTURA,MEDIANA,Modalidades extramural y telemedicina - prestador remisor,Ambulancias aéreas,11.6.2,26,26.1,• Certificado de aeronavegabilidad,,,,,,,,,,,,,,,,,,,,,,,,,,,,,,,
INFRAESTRUCTURA,MEDIANA,Modalidades extramural y telemedicina - prestador remisor,Ambulancias aéreas,11.6.2,26,26.2,• Certificado de matrícula,,,,,,,,,,,,,,,,,,,,,,,,,,,,,,,
INFRAESTRUCTURA,MEDIANA,Modalidades extramural y telemedicina - prestador remisor,Ambulancias aéreas,11.6.2,26,26.3,• Forma RAC 337 con la cual se autoriza la alteración de la aeronave como ambulancia aérea,,,,,,,,,,,,,,,,,,,,,,,,,,,,,,,
INFRAESTRUCTURA,MEDIANA,Modalidades extramural y telemedicina - prestador remisor,Condiciones generales para cualquier tipo de aeronave,11.6.2,27,,La aeronave cuenta con:,,,,,,,,,,,,,,,,,,,,,,,,,,,,,,,
INFRAESTRUCTURA,MEDIANA,Modalidades extramural y telemedicina - prestador remisor,Condiciones generales para cualquier tipo de aeronave,11.6.2,27,27.1,"• Puerta de acceso que permita maniobrar el ingreso y salida de la camilla, sin necesidad de flexionar al paciente.",,,,,,,,,,,,,,,,,,,,,,,,,,,,,,,
INFRAESTRUCTURA,MEDIANA,Modalidades extramural y telemedicina - prestador remisor,Condiciones generales para cualquier tipo de aeronave,11.6.2,27,27.2,• Cabina del paciente que permite maniobras de reanimación.,,,,,,,,,,,,,,,,,,,,,,,,,,,,,,,
INFRAESTRUCTURA,MEDIANA,Modalidades extramural y telemedicina - prestador remisor,Condiciones generales para cualquier tipo de aeronave,11.6.2,27,27.3,• Sillas para los tripulantes y los acompañantes que cuentan con cinturones de seguridad.,,,,,,,,,,,,,,,,,,,,,,,,,,,,,,,
INFRAESTRUCTURA,MEDIANA,Modalidades extramural y telemedicina - prestador remisor,Condiciones generales para cualquier tipo de aeronave,11.6.2,27,27.4,• Iluminación interior para toda el área de manejo del paciente aún con los motores apagados.,,,,,,,,,,,,,,,,,,,,,,,,,,,,,,,
INFRAESTRUCTURA,MEDIANA,Modalidades extramural y telemedicina - prestador remisor,Condiciones generales para cualquier tipo de aeronave,11.6.2,27,27.5,• Leyenda de “este es un espacio libre de humo de tabaco” u otro similar” y “use el cinturón de seguridad” en el compartimiento del paciente,,,,,,,,,,,,,,,,,,,,,,,,,,,,,,,
INFRAESTRUCTURA,MEDIANA,Modalidades extramural y telemedicina - prestador remisor,Condiciones generales para cualquier tipo de aeronave,11.6.2,27,27.6,• Señalización de la salida o salidas de emergencia.,,,,,,,,,,,,,,,,,,,,,,,,,,,,,,,
INFRAESTRUCTURA,MEDIANA,Modalidades extramural y telemedicina - prestador remisor,Condiciones generales para cualquier tipo de aeronave,11.6.2,27,27.7,"• Sistema de oxígeno medicinal, diferente al del paciente.",,,,,,,,,,,,,,,,,,,,,,,,,,,,,,,
INFRAESTRUCTURA,MEDIANA,Modalidades extramural y telemedicina - prestador remisor,Condiciones generales para cualquier tipo de aeronave,11.6.2,27,27.8,• El sistema de oxígeno medicinal está asegurado con arnés a la estructura de la aeronave o está en el interior de la camilla; con sistema de conexión rápida y con manómetro visible y regulable.,,,,,,,,,,,,,,,,,,,,,,,,,,,,,,,
INFRAESTRUCTURA,MEDIANA,Modalidades extramural y telemedicina - prestador remisor,Condiciones generales para cualquier tipo de aeronave,11.6.2,27,27.9,• Las paredes y materiales del interior de la aeronave son lavables.,,,,,,,,,,,,,,,,,,,,,,,,,,,,,,,
INFRAESTRUCTURA,MEDIANA,Modalidades extramural y telemedicina - prestador remisor,Condiciones generales para cualquier tipo de aeronave,11.6.2,28,,Sistema electrico: La aeronave cuenta con:,,,,,,,,,,,,,,,,,,,,,,,,,,,,,,,
INFRAESTRUCTURA,MEDIANA,Modalidades extramural y telemedicina - prestador remisor,Condiciones generales para cualquier tipo de aeronave,11.6.2,28,28.1,• Fuente propia de energía,,,,,,,,,,,,,,,,,,,,,,,,,,,,,,,
INFRAESTRUCTURA,MEDIANA,Modalidades extramural y telemedicina - prestador remisor,Condiciones generales para cualquier tipo de aeronave,11.6.2,28,28.2,• Inversor o sistemas de alimentación de los equipos para su funcionamiento regular durante el traslado del paciente y para facilitar el uso permanente de los equipos a bordo manteniendo siempre la disponibilidad de sus baterías.,,,,,,,,,,,,,,,,,,,,,,,,,,,,,,,
INFRAESTRUCTURA,MEDIANA,Modalidades extramural y telemedicina - prestador remisor,Condiciones generales para cualquier tipo de aeronave,11.6.2,28,28.3,• Lámpara que permita su utilización a distancia de la aeronave.,,,,,,,,,,,,,,,,,,,,,,,,,,,,,,,
INFRAESTRUCTURA,MEDIANA,Modalidades extramural y telemedicina - prestador remisor,Condiciones generales para cualquier tipo de aeronave,11.6.2,29,,Sistema de comunicaciones Para ambulancias aéreas:,,,,,,,,,,,,,,,,,,,,,,,,,,,,,,,
INFRAESTRUCTURA,MEDIANA,Modalidades extramural y telemedicina - prestador remisor,Condiciones generales para cualquier tipo de aeronave,11.6.2,29,29.1,"• Sistema de telecomunicaciones de doble vía que le permita establecer contacto con su central, base o torre de control.",,,,,,,,,,,,,,,,,,,,,,,,,,,,,,,
INFRAESTRUCTURA,MEDIANA,Modalidades extramural y telemedicina - prestador remisor,Condiciones generales para cualquier tipo de aeronave,11.6.2,29,29.2,• La base principal y las bases auxiliares cuenta con sistema de comunicación que permita el contacto con la entidad territorial de salud a través del CRUE.,,,,,,,,,,,,,,,,,,,,,,,,,,,,,,,
INFRAESTRUCTURA,BAJA Y MEDIANA,Modalidad de telemedicina - prestador de referencia,,11.6.2,30,,Cumple con los criterios que le sean aplicables de todos los servicios,,,,,,,,,,,,,,,,,,,,,,,,,,,,,,,
DOTACIÓN,BAJA,Modalidades extramural y telemedicina - prestador remisor,"Ambulancias terrestres, fluviales y marítimas",11.6.2,31,,"Cumplen con los criterios definidos para todos los servicios y adicionalmente, cuentan con:",,,,,,,,,,,,,,,,,,,,,,,,,,,,,,,
DOTACIÓN,BAJA,Modalidades extramural y telemedicina - prestador remisor,"Ambulancias terrestres, fluviales y marítimas",11.6.2,31,31.1,"• Desfibrilador externo automático, incluyendo electrodos adhesivos para adultos y pediátricos, con fecha de vencimiento vigente.",,,,,,,,,,,,,,,,,,,,,,,,,,,,,,,
DOTACIÓN,BAJA,Modalidades extramural y telemedicina - prestador remisor,"Ambulancias terrestres, fluviales y marítimas",11.6.2,31,31.2,• Fonendoscopio adulto y pediátrico,,,,,,,,,,,,,,,,,,,,,,,,,,,,,,,
DOTACIÓN,BAJA,Modalidades extramural y telemedicina - prestador remisor,"Ambulancias terrestres, fluviales y marítimas",11.6.2,31,31.3,• Tensiómetro adulto y pediátrico.,,,,,,,,,,,,,,,,,,,,,,,,,,,,,,,
DOTACIÓN,BAJA,Modalidades extramural y telemedicina - prestador remisor,"Ambulancias terrestres, fluviales y marítimas",11.6.2,31,31.4,• Equipo eléctrico de aspiración de urgencia con todos sus accesorios (manguera de succión y sondas de aspiración de varios tamaños).,,,,,,,,,,,,,,,,,,,,,,,,,,,,,,,
DOTACIÓN,BAJA,Modalidades extramural y telemedicina - prestador remisor,"Ambulancias terrestres, fluviales y marítimas",11.6.2,31,31.5,• Aspirador nasal manual.,,,,,,,,,,,,,,,,,,,,,,,,,,,,,,,
DOTACIÓN,BAJA,Modalidades extramural y telemedicina - prestador remisor,"Ambulancias terrestres, fluviales y marítimas",11.6.2,31,31.6,• Glucómetro.,,,,,,,,,,,,,,,,,,,,,,,,,,,,,,,
DOTACIÓN,BAJA,Modalidades extramural y telemedicina - prestador remisor,"Ambulancias terrestres, fluviales y marítimas",11.6.2,31,31.7,• Torniquetes para el control de hemorragias.,,,,,,,,,,,,,,,,,,,,,,,,,,,,,,,
DOTACIÓN,BAJA,Modalidades extramural y telemedicina - prestador remisor,"Ambulancias terrestres, fluviales y marítimas",11.6.2,31,31.8,• Camilla principal con sistema de anclaje y cinturones de seguridad o correas para asegurar el paciente.,,,,,,,,,,,,,,,,,,,,,,,,,,,,,,,
DOTACIÓN,BAJA,Modalidades extramural y telemedicina - prestador remisor,"Ambulancias terrestres, fluviales y marítimas",11.6.2,31,31.9,• Camilla secundaria para inmovilización espinal y correas para asegurar el paciente.,,,,,,,,,,,,,,,,,,,,,,,,,,,,,,,
DOTACIÓN,BAJA,Modalidades extramural y telemedicina - prestador remisor,"Ambulancias terrestres, fluviales y marítimas",11.6.2,31,31.10,• Tabla espinal corta o chaleco de extracción vehicular.,,,,,,,,,,,,,,,,,,,,,,,,,,,,,,,
DOTACIÓN,BAJA,Modalidades extramural y telemedicina - prestador remisor,"Ambulancias terrestres, fluviales y marítimas",11.6.2,31,31.11,• Atril portasuero de dos ganchos.,,,,,,,,,,,,,,,,,,,,,,,,,,,,,,,
DOTACIÓN,BAJA,Modalidades extramural y telemedicina - prestador remisor,"Ambulancias terrestres, fluviales y marítimas",11.6.2,31,31.12,"• Silla de ruedas portátil, liviana y plegable, con una capacidad de carga de mínimo 120 kg. Deberá tener mínimo dos cinturones de sujeción para el paciente y para su transporte al interior de la ambulancia.",,,,,,,,,,,,,,,,,,,,,,,,,,,,,,,
DOTACIÓN,BAJA,Modalidades extramural y telemedicina - prestador remisor,"Ambulancias terrestres, fluviales y marítimas",11.6.2,31,31.13,• Pinzas de Magill.,,,,,,,,,,,,,,,,,,,,,,,,,,,,,,,
DOTACIÓN,BAJA,Modalidades extramural y telemedicina - prestador remisor,"Ambulancias terrestres, fluviales y marítimas",11.6.2,31,31.14,• Tijeras de material o cortatodo.,,,,,,,,,,,,,,,,,,,,,,,,,,,,,,,
DOTACIÓN,BAJA,Modalidades extramural y telemedicina - prestador remisor,"Ambulancias terrestres, fluviales y marítimas",11.6.2,31,31.15,• Riñonera.,,,,,,,,,,,,,,,,,,,,,,,,,,,,,,,
DOTACIÓN,BAJA,Modalidades extramural y telemedicina - prestador remisor,"Ambulancias terrestres, fluviales y marítimas",11.6.2,31,31.16,• Pato para mujeres.,,,,,,,,,,,,,,,,,,,,,,,,,,,,,,,
DOTACIÓN,BAJA,Modalidades extramural y telemedicina - prestador remisor,"Ambulancias terrestres, fluviales y marítimas",11.6.2,31,31.17,• Pato para hombres.,,,,,,,,,,,,,,,,,,,,,,,,,,,,,,,
DOTACIÓN,BAJA,Modalidades extramural y telemedicina - prestador remisor,"Ambulancias terrestres, fluviales y marítimas",11.6.2,31,31.18,• Lámpara de mano (linterna) con baterías de repuesto.,,,,,,,,,,,,,,,,,,,,,,,,,,,,,,,
DOTACIÓN,BAJA,Modalidades extramural y telemedicina - prestador remisor,"Ambulancias terrestres, fluviales y marítimas",11.6.2,31,31.19,• Manta térmica aluminizada.,,,,,,,,,,,,,,,,,,,,,,,,,,,,,,,
DOTACIÓN,BAJA,Modalidades extramural y telemedicina - prestador remisor,"Ambulancias terrestres, fluviales y marítimas",11.6.2,31,31.20,• Oxígeno medicinal con capacidad total de almacenamiento de mínimo tres (3) metros cúbicos permanentes disponibles.,,,,,,,,,,,,,,,,,,,,,,,,,,,,,,,
DOTACIÓN,BAJA,Modalidades extramural y telemedicina - prestador remisor,"Ambulancias terrestres, fluviales y marítimas",11.6.2,31,31.21,• Oxígeno medicinal portátil de mínimo 0.5 metros cúbicos para permitir el desplazamiento de las camillas manteniendo el suministro de oxígeno medicinal al paciente.,,,,,,,,,,,,,,,,,,,,,,,,,,,,,,,
DOTACIÓN,BAJA,Modalidades extramural y telemedicina - prestador remisor,"Ambulancias terrestres, fluviales y marítimas",11.6.2,31,31.22,"• Conjunto para inmovilización que cuenta con inmovilizadores cervicales graduables, adulto (2) y pediátrico (2), inmovilizadores laterales de cabeza, inmovilizadores para extremidades superiores e inferiores.",,,,,,,,,,,,,,,,,,,,,,,,,,,,,,,
DOTACIÓN,BAJA,Modalidades extramural y telemedicina - prestador remisor,"Ambulancias terrestres, fluviales y marítimas",11.6.2,31,31.23,• Resucitador pulmonar manual.,,,,,,,,,,,,,,,,,,,,,,,,,,,,,,,
DOTACIÓN,BAJA,Modalidades extramural y telemedicina - prestador remisor,"Ambulancias terrestres, fluviales y marítimas",11.6.2,31,31.24,• Los equipos biomédicos deben contar con sistema de fijación específico al vehículo sin detrimento de su operación.,,,,,,,,,,,,,,,,,,,,,,,,,,,,,,,
DOTACIÓN,BAJA,Modalidades extramural y telemedicina - prestador remisor,"Ambulancias terrestres, fluviales y marítimas",11.6.2,31,31.25,• Monitor de signos vitales con accesorios adultos y pediátricos que cuenta como mínimo con:,,,,,,,,,,,,,,,,,,,,,,,,,,,,,,,
DOTACIÓN,BAJA,Modalidades extramural y telemedicina - prestador remisor,"Ambulancias terrestres, fluviales y marítimas",11.6.2,31,31.25.1,• Trazado electrocardiográfico si no está incorporado en el desfibrilador,,,,,,,,,,,,,,,,,,,,,,,,,,,,,,,
DOTACIÓN,BAJA,Modalidades extramural y telemedicina - prestador remisor,"Ambulancias terrestres, fluviales y marítimas",11.6.2,31,31.25.2,• Presión no invasiva,,,,,,,,,,,,,,,,,,,,,,,,,,,,,,,
DOTACIÓN,BAJA,Modalidades extramural y telemedicina - prestador remisor,"Ambulancias terrestres, fluviales y marítimas",11.6.2,31,31.25.3,• Saturación de oxígeno que puede estar integrado en el monitor o externo,,,,,,,,,,,,,,,,,,,,,,,,,,,,,,,
DOTACIÓN,MEDIANA,Modalidades extramural y telemedicina - prestador remisor,"Ambulancias terrestres, fluviales y marítimas",11.6.2,32,,Cumple con los criterios definidos para la baja complejidad y adicionalmente cuenta con:,,,,,,,,,,,,,,,,,,,,,,,,,,,,,,,
DOTACIÓN,MEDIANA,Modalidades extramural y telemedicina - prestador remisor,"Ambulancias terrestres, fluviales y marítimas",11.6.2,32,32.1,"• Desfibrilador bifásico con capacidad de realizar cardioversión sincrónica y marcapasos transcutáneo, baterías mínimas para 4 horas con paletas (adulto y pediátrico). No requiere el desfibrilador definido en baja complejidad.",,,,,,,,,,,,,,,,,,,,,,,,,,,,,,,
DOTACIÓN,MEDIANA,Modalidades extramural y telemedicina - prestador remisor,"Ambulancias terrestres, fluviales y marítimas",11.6.2,32,32.2,"• Ventilador para traslado, de acuerdo con la edad del paciente (adulto y pediátrico) que cuenta con las siguientes especificaciones:",,,,,,,,,,,,,,,,,,,,,,,,,,,,,,,
DOTACIÓN,MEDIANA,Modalidades extramural y telemedicina - prestador remisor,"Ambulancias terrestres, fluviales y marítimas",11.6.2,32,32.2.1,• Dos modos de volumen y modos de presión,,,,,,,,,,,,,,,,,,,,,,,,,,,,,,,
DOTACIÓN,MEDIANA,Modalidades extramural y telemedicina - prestador remisor,"Ambulancias terrestres, fluviales y marítimas",11.6.2,32,32.2.2,• Batería mínimo para 4 horas.,,,,,,,,,,,,,,,,,,,,,,,,,,,,,,,
DOTACIÓN,MEDIANA,Modalidades extramural y telemedicina - prestador remisor,"Ambulancias terrestres, fluviales y marítimas",11.6.2,32,32.2.3,• Fracción inspirada de oxígeno -fio2.,,,,,,,,,,,,,,,,,,,,,,,,,,,,,,,
DOTACIÓN,MEDIANA,Modalidades extramural y telemedicina - prestador remisor,"Ambulancias terrestres, fluviales y marítimas",11.6.2,32,32.2.4,• Indicación de volumen corriente y minuto.,,,,,,,,,,,,,,,,,,,,,,,,,,,,,,,
DOTACIÓN,MEDIANA,Modalidades extramural y telemedicina - prestador remisor,"Ambulancias terrestres, fluviales y marítimas",11.6.2,32,32.2.5,• Indicación de presión máxima y plateu.,,,,,,,,,,,,,,,,,,,,,,,,,,,,,,,
DOTACIÓN,MEDIANA,Modalidades extramural y telemedicina - prestador remisor,"Ambulancias terrestres, fluviales y marítimas",11.6.2,32,32.2.6,"• Presión positiva al final de la espiración - PEEP, frecuencia respiratoria máxima de la máquina y del paciente (respiración espontánea)",,,,,,,,,,,,,,,,,,,,,,,,,,,,,,,
DOTACIÓN,MEDIANA,Modalidades extramural y telemedicina - prestador remisor,"Ambulancias terrestres, fluviales y marítimas",11.6.2,32,32.2.7,"• Alarmas auditivas y visuales de presión, volumen, apnea, presión de aire, oxígeno medicinal y batería baja.",,,,,,,,,,,,,,,,,,,,,,,,,,,,,,,
DOTACIÓN,MEDIANA,Modalidades extramural y telemedicina - prestador remisor,"Ambulancias terrestres, fluviales y marítimas",11.6.2,32,32.2.8,"• Sistema de conexión rápida al oxígeno medicinal y al aire medicinal, la conexión al aire medicinal podrá ser reemplazado por turbina integrada al equipo.",,,,,,,,,,,,,,,,,,,,,,,,,,,,,,,
DOTACIÓN,MEDIANA,Modalidades extramural y telemedicina - prestador remisor,"Ambulancias terrestres, fluviales y marítimas",11.6.2,32,32.2.9,"• Modos de control, asistido/control y presión positiva continua en la vía aérea - CPAP.",,,,,,,,,,,,,,,,,,,,,,,,,,,,,,,
DOTACIÓN,MEDIANA,Modalidades extramural y telemedicina - prestador remisor,"Ambulancias terrestres, fluviales y marítimas",11.6.2,32,32.3,"• Equipo de órganos de los sentidos, con baterías de repuesto.",,,,,,,,,,,,,,,,,,,,,,,,,,,,,,,
DOTACIÓN,MEDIANA,Modalidades extramural y telemedicina - prestador remisor,"Ambulancias terrestres, fluviales y marítimas",11.6.2,32,32.4,"• Dos bombas de infusión o una con dos canales, con batería mínimo para 4 horas.",,,,,,,,,,,,,,,,,,,,,,,,,,,,,,,
DOTACIÓN,MEDIANA,Modalidades extramural y telemedicina - prestador remisor,"Ambulancias terrestres, fluviales y marítimas",11.6.2,32,32.5,• Medidor de pico flujo.,,,,,,,,,,,,,,,,,,,,,,,,,,,,,,,
DOTACIÓN,MEDIANA,Modalidades extramural y telemedicina - prestador remisor,"Ambulancias terrestres, fluviales y marítimas",11.6.2,32,32.6,"• Laringoscopio con hojas rectas y curvas neonatales, pediátricas y adulto",,,,,,,,,,,,,,,,,,,,,,,,,,,,,,,
DOTACIÓN,MEDIANA,Modalidades extramural y telemedicina - prestador remisor,"Ambulancias terrestres, fluviales y marítimas",11.6.2,33,,"Para traslado neonatal, cumple con lo anterior y adicionalmente cuenta con:",,,,,,,,,,,,,,,,,,,,,,,,,,,,,,,
DOTACIÓN,MEDIANA,Modalidades extramural y telemedicina - prestador remisor,"Ambulancias terrestres, fluviales y marítimas",11.6.2,33,33.1,• Incubadora pediátrica portátil.,,,,,,,,,,,,,,,,,,,,,,,,,,,,,,,
DOTACIÓN,MEDIANA,Modalidades extramural y telemedicina - prestador remisor,"Ambulancias terrestres, fluviales y marítimas",11.6.2,33,33.2,"• Adicional a lo exigido para el ventilador mecánico de transporte adulto / pediátrico, el ventilador neonatal cuenta con control de flujo y tiempo inspiratorio.",,,,,,,,,,,,,,,,,,,,,,,,,,,,,,,
DOTACIÓN,MEDIANA,Modalidades extramural y telemedicina - prestador remisor,Ambulancias aéreas,11.6.2,34,,"Adicional a lo establecido para transporte terrestre, marítimo y fluvial en mediana complejidad, cuenta con:",,,,,,,,,,,,,,,,,,,,,,,,,,,,,,,
DOTACIÓN,MEDIANA,Modalidades extramural y telemedicina - prestador remisor,Ambulancias aéreas,11.6.2,34,34.1,"• La capacidad de almacenamiento del sistema de oxígeno medicinal permite su suministro al paciente durante el trayecto desde el origen al destino, contemplando además contingencias por espera y cierre de aeropuertos.",,,,,,,,,,,,,,,,,,,,,,,,,,,,,,,
DOTACIÓN,MEDIANA,Modalidades extramural y telemedicina - prestador remisor,Ambulancias aéreas,11.6.2,34,34.2,• Camilla del paciente que cuenta con cinturones de seguridad y está debidamente asegurada a la estructura de la aeronave.,,,,,,,,,,,,,,,,,,,,,,,,,,,,,,,
DOTACIÓN,MEDIANA,Modalidades extramural y telemedicina - prestador remisor,Ambulancias aéreas,11.6.2,34,34.3,"• Los equipos biomédicos están certificados para transporte aéreo por parte del fabricante de tal manera que se garantice su funcionamiento bajo cualquier condición de vuelo y en especial, ante cambios de presión barométrica, vibración, turbulencia y temperaturas extremas, aceleración y desaceleración y no afecten los sistemas de radio y de navegación de la aeronave cuando estén en uso.",,,,,,,,,,,,,,,,,,,,,,,,,,,,,,,
DOTACIÓN,MEDIANA,Modalidades extramural y telemedicina - prestador remisor,Ambulancias aéreas,11.6.2,34,34.4,• Los equipos biomédicos cuentan con:,,,,,,,,,,,,,,,,,,,,,,,,,,,,,,,
DOTACIÓN,MEDIANA,Modalidades extramural y telemedicina - prestador remisor,Ambulancias aéreas,11.6.2,34,34.4.1,• Certificados EMI: interferencia electromagnética.,,,,,,,,,,,,,,,,,,,,,,,,,,,,,,,
DOTACIÓN,MEDIANA,Modalidades extramural y telemedicina - prestador remisor,Ambulancias aéreas,11.6.2,34,34.4.2,• Certificado de prueba de interferencia de radio frecuencia (RFI).,,,,,,,,,,,,,,,,,,,,,,,,,,,,,,,
DOTACIÓN,BAJA Y MEDIANA,Modalidad de telemedicina prestador de referencia,Ambulancias aéreas,11.6.2,35,,Cumple con los criterios que le sean aplicables de todos los servicios,,,,,,,,,,,,,,,,,,,,,,,,,,,,,,,
"MEDICAMENTOS, DM E INSUMOS",BAJA,Modalidades extramural y telemedicina - prestador remisor,"Ambulancias terrestres, fluviales y marítimas",11.6.2,36,,"Cumple con los criterios que le sean aplicables de todos los servicios y adicionalmente el prestador define los medicamentos, dispositivos médicos e insumos requeridos de acuerdo con lo documentado en el estándar de procesos prioritarios.",,,,,,,,,,,,,,,,,,,,,,,,,,,,,,,
"MEDICAMENTOS, DM E INSUMOS",BAJA,Modalidades extramural y telemedicina - prestador remisor,"Ambulancias terrestres, fluviales y marítimas",11.6.2,37,,Cuenta con:,,,,,,,,,,,,,,,,,,,,,,,,,,,,,,,
"MEDICAMENTOS, DM E INSUMOS",BAJA,Modalidades extramural y telemedicina - prestador remisor,"Ambulancias terrestres, fluviales y marítimas",11.6.2,37,37.1,• Oxígeno medicinal.,,,,,,,,,,,,,,,,,,,,,,,,,,,,,,,
"MEDICAMENTOS, DM E INSUMOS",BAJA,Modalidades extramural y telemedicina - prestador remisor,"Ambulancias terrestres, fluviales y marítimas",11.6.2,37,37.2,• Aditamento supraglótico de varias tallas adulto y pediátrico.,,,,,,,,,,,,,,,,,,,,,,,,,,,,,,,
"MEDICAMENTOS, DM E INSUMOS",MEDIANA,Modalidades extramural y telemedicina - prestador remisor,"Ambulancias terrestres, fluviales y marítimas",11.6.2,38,,"Cumple con los criterios que le sean aplicables de todos los servicios y adicionalmente cuenta con convenio o contrato escrito vigente con un banco de sangre, certificado por la autoridad competente para el suministro de componentes sanguíneos y la realización de pruebas transfusionales.",,,,,,,,,,,,,,,,,,,,,,,,,,,,,,,
"MEDICAMENTOS, DM E INSUMOS",MEDIANA,Modalidades extramural y telemedicina - prestador remisor,"Ambulancias terrestres, fluviales y marítimas",11.6.2,39,,"Cumple con los criterios definidos para ambulancias terrestres, fluviales y marítimas en la baja complejidad y adicionalmente cuenta con:",,,,,,,,,,,,,,,,,,,,,,,,,,,,,,,
"MEDICAMENTOS, DM E INSUMOS",MEDIANA,Modalidades extramural y telemedicina - prestador remisor,"Ambulancias terrestres, fluviales y marítimas",11.6.2,39,39.1,"• Los medicamentos, dispositivos médicos e insumos definidos por el prestador de servicios de salud de acuerdo con la morbilidad, riesgos de complicaciones más frecuentes y lo documentado para el procedimiento de reanimación cardio cerebro pulmonar.",,,,,,,,,,,,,,,,,,,,,,,,,,,,,,,
"MEDICAMENTOS, DM E INSUMOS",MEDIANA,Modalidades extramural y telemedicina - prestador remisor,Ambulancias aéreas,11.6.2,40,,"Adicional a lo establecido para transporte terrestre, marítimo y fluvial en media complejidad:",,,,,,,,,,,,,,,,,,,,,,,,,,,,,,,
"MEDICAMENTOS, DM E INSUMOS",MEDIANA,Modalidades extramural y telemedicina - prestador remisor,Ambulancias aéreas,11.6.2,40,40.1,"• Los elementos acondicionados para el transporte de insumos y medicamentos (maletas, maletines, gabinetes, etc.) Son de material resistente, lisos, lavables, sin bordes agudos o filos cortantes con cierres seguros para evitar la apertura involuntaria y su sujeción a la aeronave está aprobada por la unidad administrativa especial de la aeronáutica civil – UAEAC.",,,,,,,,,,,,,,,,,,,,,,,,,,,,,,,
"MEDICAMENTOS, DM E INSUMOS",MEDIANA,Modalidades extramural y telemedicina - prestador remisor,Ambulancias aéreas,11.6.2,40,40.2,"• Los elementos acondicionados para el transporte de insumos y medicamentos (maletas, maletines, gabinetes, etc.), llevan el nombre correspondiente y los colores de identificación de acuerdo con su especialidad, así: azul: sistema respiratorio; rojo: sistema circulatorio; amarillo: pediátrico; verde: quirúrgico y accesorios",,,,,,,,,,,,,,,,,,,,,,,,,,,,,,,
PROCESOS PRIORITARIOS,BAJA Y MEDIANA,Modalidades extramural y telemedicina - prestador remisor,"Ambulancias terrestres, fluviales, marítimas y aéreas",11.6.2,41,,Cumple con los criterios que le sean aplicables de todos los servicios y adicionalmente cuenta con la siguiente información documentada:,,,,,,,,,,,,,,,,,,,,,,,,,,,,,,,
PROCESOS PRIORITARIOS,BAJA Y MEDIANA,Modalidades extramural y telemedicina - prestador remisor,"Ambulancias terrestres, fluviales, marítimas y aéreas",11.6.2,41,41.1,• Manejo de urgencias.,,,,,,,,,,,,,,,,,,,,,,,,,,,,,,,
PROCESOS PRIORITARIOS,BAJA Y MEDIANA,Modalidades extramural y telemedicina - prestador remisor,"Ambulancias terrestres, fluviales, marítimas y aéreas",11.6.2,41,41.2,• Remisión que incluya traslado de niños y personas en abandono o sin acompañante.,,,,,,,,,,,,,,,,,,,,,,,,,,,,,,,
PROCESOS PRIORITARIOS,BAJA Y MEDIANA,Modalidades extramural y telemedicina - prestador remisor,"Ambulancias terrestres, fluviales, marítimas y aéreas",11.6.2,41,41.3,• Atención en salud de pacientes con problemas y trastornos en salud mental o consumo de sustancias psicoactivas.,,,,,,,,,,,,,,,,,,,,,,,,,,,,,,,
PROCESOS PRIORITARIOS,BAJA Y MEDIANA,Modalidades extramural y telemedicina - prestador remisor,"Ambulancias terrestres, fluviales, marítimas y aéreas",11.6.2,41,41.4,• Rutinas permanentes de mantenimiento preventivo y correctivo del vehículo.,,,,,,,,,,,,,,,,,,,,,,,,,,,,,,,
PROCESOS PRIORITARIOS,BAJA Y MEDIANA,Modalidades extramural y telemedicina - prestador remisor,"Ambulancias terrestres, fluviales, marítimas y aéreas",11.6.2,41,41.5,"• Aseo, limpieza y desinfección de la ambulancia, que incluya las rutinas para su realización.",,,,,,,,,,,,,,,,,,,,,,,,,,,,,,,
PROCESOS PRIORITARIOS,BAJA Y MEDIANA,Modalidades extramural y telemedicina - prestador remisor,"Ambulancias terrestres, fluviales, marítimas y aéreas",11.6.2,41,41.6,"• Medicamentos, dispositivos médicos e insumos en los procedimientos que se realicen",,,,,,,,,,,,,,,,,,,,,,,,,,,,,,,
PROCESOS PRIORITARIOS,BAJA Y MEDIANA,Modalidad de telemedicina - prestador de referencia,"Ambulancias terrestres, fluviales, marítimas y aéreas",11.6.2,42,,Cumple con los criterios que le sean aplicables de todos los servicios,,,,,,,,,,,,,,,,,,,,,,,,,,,,,,,
HISTORIA CLÍNICA Y REGISTROS,BAJA Y MEDIANA,Modalidades extramural y telemedicina - prestador remisor,,11.6.2,43,,Cumple con los criterios que le sean aplicables de todos los servicios y adicionalmente cuenta con:,,,,,,,,,,,,,,,,,,,,,,,,,,,,,,,
HISTORIA CLÍNICA Y REGISTROS,BAJA Y MEDIANA,Modalidades extramural y telemedicina - prestador remisor,,11.6.2,43,43.1,• Registro con el nombre de los pacientes atendidos o trasladados con la siguiente información:,,,,,,,,,,,,,,,,,,,,,,,,,,,,,,,
HISTORIA CLÍNICA Y REGISTROS,BAJA Y MEDIANA,Modalidades extramural y telemedicina - prestador remisor,,11.6.2,43,43.1.1,• Nombre de los pacientes atendidos o trasladados.,,,,,,,,,,,,,,,,,,,,,,,,,,,,,,,
HISTORIA CLÍNICA Y REGISTROS,BAJA Y MEDIANA,Modalidades extramural y telemedicina - prestador remisor,,11.6.2,43,43.1.2,• Nombre del acompañante o responsable.,,,,,,,,,,,,,,,,,,,,,,,,,,,,,,,
HISTORIA CLÍNICA Y REGISTROS,BAJA Y MEDIANA,Modalidades extramural y telemedicina - prestador remisor,,11.6.2,43,43.1.3,• Fecha.,,,,,,,,,,,,,,,,,,,,,,,,,,,,,,,
HISTORIA CLÍNICA Y REGISTROS,BAJA Y MEDIANA,Modalidades extramural y telemedicina - prestador remisor,,11.6.2,43,43.1.4,• Hora.,,,,,,,,,,,,,,,,,,,,,,,,,,,,,,,
HISTORIA CLÍNICA Y REGISTROS,BAJA Y MEDIANA,Modalidades extramural y telemedicina - prestador remisor,,11.6.2,43,43.1.5,• Origen,,,,,,,,,,,,,,,,,,,,,,,,,,,,,,,
HISTORIA CLÍNICA Y REGISTROS,BAJA Y MEDIANA,Modalidades extramural y telemedicina - prestador remisor,,11.6.2,43,43.1.6,• Destino del servicio.,,,,,,,,,,,,,,,,,,,,,,,,,,,,,,,
HISTORIA CLÍNICA Y REGISTROS,BAJA Y MEDIANA,Modalidades extramural y telemedicina - prestador remisor,,11.6.2,43,43.1.7,• Tipo de servicio.,,,,,,,,,,,,,,,,,,,,,,,,,,,,,,,
HISTORIA CLÍNICA Y REGISTROS,BAJA Y MEDIANA,Modalidades extramural y telemedicina - prestador remisor,,11.6.2,43,43.1.8,• Nombre del personal que atiende el servicio.,,,,,,,,,,,,,,,,,,,,,,,,,,,,,,,
HISTORIA CLÍNICA Y REGISTROS,BAJA Y MEDIANA,Modalidades extramural y telemedicina - prestador remisor,,11.6.2,43,43.1.9,• Evolución y procedimientos durante el traslado o atención de los pacientes en el programa o servicio.,,,,,,,,,,,,,,,,,,,,,,,,,,,,,,,
HISTORIA CLÍNICA Y REGISTROS,BAJA Y MEDIANA,Modalidad telemedicina - prestador de referencia,,11.6.2,44,,Cumple con los criterios que le sean aplicables de todos los servicios,,,,,,,,,,,,,,,,,,,,,,,,,,,,,,,
INTERDEPENDENCIA,BAJA Y MEDIANA,Modalidades extramural y telemedicina - prestador remisor- prestador de referencia,,11.6.2,45,,No aplica,,,,,,,,,,,,,,,,,,,,,,,,,,,,,,,
